{
   "white":[
      0.31750465549348234,
      345.5,
      -0.2597968069666183
   ],
   "black":[
      0.2905982905982906,
      45.5,
      -0.43820224719101125
   ],
   "blue":[
      0.4672619047619047,
      105.0,
      -0.5384615384615384
   ],
   "red":[
      0.0733695652173913,
      115.0,
      -0.8070175438596491
   ]
}
