{
  "white": [
    0.3114035087719298,
    343.0,
    -0.27777777777
  ],
  "black": [
    0.30081300813008127,
    47.5,
    -0.44086021505376344
  ],
  "blue": [
    0.30081300813008127,
    47.5,
    -0.44086021505376344
  ],
  "red": [
    0.02848101265822785,
    106.0,
    -0.7523809523809524
  ]
}


