{"white": [0.30131362889983576, 353.5, -0.28794326241134754], "black": [0.2951388888888889, 51.0, -0.48], "blue": [0.470679012345679, 91.0, -0.6], "red": [0.03519668737060041, 105.5, -0.7703349282296651]}